Title,Price,Availability,Rating,Price_Normalized
A Light in the Attic,51.77,In stock,3,0.8355671134226847
Tipping the Velvet,53.74,In stock,1,0.874974994999
Soumission,50.1,In stock,1,0.8021604320864175
Sharp Objects,47.82,In stock,4,0.7565513102620525
Sapiens: A Brief History of Humankind,54.23,In stock,5,0.8847769553910783
The Requiem Red,22.65,In stock,1,0.2530506101220244
The Dirty Little Secrets of Getting Your Dream Job,33.34,In stock,4,0.46689337867573527
"The Coming Woman: A Novel Based on the Life of the Infamous Feminist, Victoria Woodhull",17.93,In stock,3,0.15863172634526906
The Boys in the Boat: Nine Americans and Their Epic Quest for Gold at the 1936 Berlin Olympics,22.6,In stock,4,0.25205041008201645
The Black Maria,52.15,In stock,1,0.8431686337267454
"Starving Hearts (Triangular Trade Trilogy, #1)",13.99,In stock,2,0.07981596319263856
Shakespeare's Sonnets,20.66,In stock,4,0.21324264852970598
Set Me Free,17.46,In stock,5,0.14922984596919386
Scott Pilgrim's Precious Little Life (Scott Pilgrim #1),52.29,In stock,5,0.8459691938387679
Rip it Up and Start Again,35.02,In stock,5,0.500500100020004
"Our Band Could Be Your Life: Scenes from the American Indie Underground, 1981-1991",57.25,In stock,3,0.9451890378075616
Olio,23.88,In stock,1,0.27765553110622126
Mesaerion: The Best Science Fiction Stories 1800-1849,37.59,In stock,1,0.5519103820764153
Libertarianism for Beginners,51.33,In stock,2,0.8267653530706143
It's Only the Himalayas,45.17,In stock,2,0.7035407081416285
In Her Wake,12.84,In stock,1,0.05681136227245448
How Music Works,37.32,In stock,2,0.5465093018603722
"Foolproof Preserving: A Guide to Small Batch Jams, Jellies, Pickles, Condiments, and More: A Foolproof Guide to Making Small Batch Jams, Jellies, Pickles, Condiments, and More",30.52,In stock,3,0.41048209641928385
Chase Me (Paris Nights #2),25.27,In stock,5,0.3054610922184437
Black Dust,34.53,In stock,5,0.4906981396279257
Birdsong: A Story in Pictures,54.64,In stock,3,0.8929785957191438
America's Cradle of Quarterbacks: Western Pennsylvania's Football Factory from Johnny Unitas to Joe Montana,22.5,In stock,3,0.25005001000200044
Aladdin and His Wonderful Lamp,53.13,In stock,3,0.8627725545109024
Worlds Elsewhere: Journeys Around Shakespeare’s Globe,40.3,In stock,5,0.606121224244849
Wall and Piece,44.18,In stock,4,0.68373674734947
The Four Agreements: A Practical Guide to Personal Freedom,17.66,In stock,5,0.15323064612922588
The Five Love Languages: How to Express Heartfelt Commitment to Your Mate,31.05,In stock,3,0.42108421684336866
The Elephant Tree,23.82,In stock,5,0.27645529105821165
The Bear and the Piano,36.89,In stock,1,0.5379075815163032
Sophie's World,15.94,In stock,5,0.11882376475295059
Penny Maybe,33.29,In stock,3,0.46589317863572716
Maude (1883-1993):She Grew Up with the country,18.02,In stock,2,0.16043208641728346
"In a Dark, Dark Wood",19.63,In stock,1,0.19263852770554113
Behind Closed Doors,52.22,In stock,4,0.8445689137827566
You can't bury them all: Poems,33.63,In stock,2,0.4726945389077816
Slow States of Collapse: Poems,57.31,In stock,3,0.9463892778555714
Reasons to Stay Alive,26.41,In stock,2,0.3282656531306261
Private Paris (Private #10),47.61,In stock,5,0.7523504700940189
#HigherSelfie: Wake Up Your Life. Free Your Soul. Find Your Tribe.,23.11,In stock,5,0.26225245049009804
Without Borders (Wanderlove #1),45.07,In stock,2,0.7015403080616123
When We Collided,31.77,In stock,1,0.43548709741948394
"We Love You, Charlie Freeman",50.27,In stock,5,0.8055611122224446
Untitled Collection: Sabbath Poems 2014,14.27,In stock,4,0.08541708341668336
"Unseen City: The Majesty of Pigeons, the Discreet Charm of Snails & Other Wonders of the Urban Wilderness",44.18,In stock,4,0.68373674734947
Unicorn Tracks,18.78,In stock,3,0.17563512702540512
"Unbound: How Eight Technologies Made Us Human, Transformed Society, and Brought Our World to the Brink",25.52,In stock,1,0.3104620924184837
Tsubasa: WoRLD CHRoNiCLE 2 (Tsubasa WoRLD CHRoNiCLE #2),16.28,In stock,1,0.12562512502500506
Throwing Rocks at the Google Bus: How Growth Became the Enemy of Prosperity,31.12,In stock,3,0.4224844968993799
This One Summer,19.49,In stock,4,0.18983796759351868
Thirst,17.27,In stock,5,0.14542908581716346
The Torch Is Passed: A Harding Family Story,19.09,In stock,1,0.1818363672734547
The Secret of Dreadwillow Carse,56.13,In stock,1,0.9227845569113824
"The Pioneer Woman Cooks: Dinnertime: Comfort Classics, Freezer Food, 16-Minute Meals, and Other Delicious Ways to Solve Supper!",56.41,In stock,1,0.9283856771354271
The Past Never Ends,56.5,In stock,4,0.9301860372074415
The Natural History of Us (The Fine Art of Pretending #2),45.22,In stock,3,0.7045409081816363
The Nameless City (The Nameless City #1),38.16,In stock,4,0.5633126625325064
The Murder That Never Was (Forensic Instincts #5),54.11,In stock,3,0.8823764752950591
The Most Perfect Thing: Inside (and Outside) a Bird's Egg,42.96,In stock,4,0.6593318663732748
"The Mindfulness and Acceptance Workbook for Anxiety: A Guide to Breaking Free from Anxiety, Phobias, and Worry Using Acceptance and Commitment Therapy",23.89,In stock,4,0.2778555711142229
The Life-Changing Magic of Tidying Up: The Japanese Art of Decluttering and Organizing,16.77,In stock,3,0.13542708541708343
"The Inefficiency Assassin: Time Management Tactics for Working Smarter, Not Longer",20.59,In stock,5,0.21184236847369475
The Gutsy Girl: Escapades for Your Life of Epic Adventure,37.13,In stock,1,0.5427085417083417
The Electric Pencil: Drawings from Inside State Hospital No. 3,56.06,In stock,1,0.9213842768553713
The Death of Humanity: and the Case for Life,58.11,In stock,4,0.9623924784956992
"The Bulletproof Diet: Lose up to a Pound a Day, Reclaim Energy and Focus, Upgrade Your Life",49.05,In stock,3,0.7811562312462492
The Art Forger,40.76,In stock,3,0.6153230646129226
The Age of Genius: The Seventeenth Century and the Birth of the Modern Mind,19.73,In stock,1,0.19463892778555714
The Activist's Tao Te Ching: Ancient Advice for a Modern Revolution,32.24,In stock,5,0.4448889777955592
Spark Joy: An Illustrated Master Class on the Art of Organizing and Tidying Up,41.83,In stock,4,0.6367273454690938
Soul Reader,39.58,In stock,2,0.5917183436687337
Security,39.25,In stock,2,0.585117023404681
"Saga, Volume 6 (Saga (Collected Editions) #6)",25.02,In stock,3,0.3004600920184037
"Saga, Volume 5 (Saga (Collected Editions) #5)",51.04,In stock,2,0.8209641928385678
Reskilling America: Learning to Labor in the Twenty-First Century,19.83,In stock,2,0.1966393278655731
"Rat Queens, Vol. 3: Demons (Rat Queens (Collected Editions) #11-15)",50.4,In stock,3,0.8081616323264653
"Princess Jellyfish 2-in-1 Omnibus, Vol. 01 (Princess Jellyfish 2-in-1 Omnibus #1)",13.61,In stock,5,0.0722144428885777
Princess Between Worlds (Wide-Awake Princess #5),13.34,In stock,5,0.06681336267253452
"Pop Gun War, Volume 1: Gift",18.97,In stock,1,0.17943588717743547
"Political Suicide: Missteps, Peccadilloes, Bad Calls, Backroom Hijinx, Sordid Pasts, Rotten Breaks, and Just Plain Dumb Mistakes in the Annals of American Politics",36.28,In stock,2,0.5257051410282056
Patience,10.16,In stock,3,0.0032006401280256225
"Outcast, Vol. 1: A Darkness Surrounds Him (Outcast #1)",15.44,In stock,4,0.10882176435287055
orange: The Complete Collection 1 (orange: The Complete Collection #1),48.41,In stock,1,0.7683536707341467
Online Marketing for Busy Authors: A Step-By-Step Guide,46.35,In stock,1,0.7271454290858173
On a Midnight Clear,14.07,In stock,3,0.08141628325665135
Obsidian (Lux #1),14.86,In stock,2,0.09721944388877773
My Paris Kitchen: Recipes and Stories,33.37,In stock,2,0.46749349869973994
Masks and Shadows,56.4,In stock,2,0.9281856371274255
"Mama Tried: Traditional Italian Cooking for the Screwed, Crude, Vegan, and Tattooed",14.02,In stock,4,0.08041608321664334
"Lumberjanes, Vol. 2: Friendship to the Max (Lumberjanes #5-8)",46.91,In stock,2,0.7383476695339068
"Lumberjanes, Vol. 1: Beware the Kitten Holy (Lumberjanes #1-4)",45.61,In stock,3,0.7123424684936988
Lumberjanes Vol. 3: A Terrible Plan (Lumberjanes #9-12),19.92,In stock,2,0.1984396879375876
"Layered: Baking, Building, and Styling Spectacular Cakes",40.11,In stock,1,0.6023204640928186
Judo: Seven Steps to Black Belt (an Introductory Guide for Beginners),53.9,In stock,2,0.8781756351270256
Join,35.67,In stock,5,0.513502700540108
In the Country We Love: My Family Divided,22.0,In stock,4,0.2400480096019204
Immunity: How Elie Metchnikoff Changed the Course of Modern Medicine,57.36,In stock,5,0.9473894778955791
"I Hate Fairyland, Vol. 1: Madly Ever After (I Hate Fairyland (Compilations) #1-5)",29.17,In stock,2,0.38347669533906786
I am a Hero Omnibus Volume 1,54.63,In stock,3,0.8927785557111423
How to Be Miserable: 40 Strategies You Already Use,46.03,In stock,1,0.7207441488297661
Her Backup Boyfriend (The Sorensen Family #1),33.97,In stock,1,0.479495899179836
"Giant Days, Vol. 2 (Giant Days #5-8)",22.11,In stock,2,0.24224844968993797
Forever and Forever: The Courtship of Henry Longfellow and Fanny Appleton,29.69,In stock,3,0.3938787757551511
First and First (Five Boroughs #3),15.97,In stock,4,0.11942388477695542
Fifty Shades Darker (Fifty Shades #2),21.96,In stock,1,0.23924784956991402
Everydata: The Misinformation Hidden in the Little Data You Consume Every Day,54.35,In stock,2,0.8871774354870976
"Don't Be a Jerk: And Other Practical Advice from Dogen, Japan's Greatest Zen Master",37.97,In stock,2,0.5595119023804762
Danganronpa Volume 1,51.99,In stock,4,0.8399679935987199
Crown of Midnight (Throne of Glass #2),43.29,In stock,3,0.6659331866373275
"Codename Baboushka, Volume 1: The Conclave of Death",36.72,In stock,4,0.5345069013802761
Camp Midnight,17.08,In stock,4,0.141628325665133
Call the Nurse: True Stories of a Country Nurse on a Scottish Isle,29.14,In stock,5,0.3828765753150631
Burning,28.81,In stock,3,0.37627525505101017
Bossypants,49.46,In stock,2,0.789357871574315
"Bitch Planet, Vol. 1: Extraordinary Machine (Bitch Planet (Collected Editions))",37.92,In stock,2,0.5585117023404682
"Avatar: The Last Airbender: Smoke and Shadow, Part 3 (Smoke and Shadow #3)",28.09,In stock,2,0.361872374474895
Algorithms to Live By: The Computer Science of Human Decisions,30.81,In stock,1,0.4162832566513303
A World of Flavor: Your Gluten Free Passport,42.95,In stock,1,0.6591318263652732
"A Piece of Sky, a Grain of Rice: A Memoir in Four Meditations",56.76,In stock,5,0.9353870774154831
A Murder in Time,16.64,In stock,1,0.13282656531306264
A Flight of Arrows (The Pathfinders #2),55.53,In stock,5,0.9107821564312863
A Fierce and Subtle Poison,28.13,In stock,4,0.36267253450690135
A Court of Thorns and Roses (A Court of Thorns and Roses #1),52.37,In stock,1,0.8475695139027806
(Un)Qualified: How God Uses Broken People to Do Big Things,54.0,In stock,5,0.8801760352070416
You Are What You Love: The Spiritual Power of Habit,21.87,In stock,4,0.23744748949789962
"William Shakespeare's Star Wars: Verily, A New Hope (William Shakespeare's Star Wars #4)",43.3,In stock,4,0.666133226645329
Tuesday Nights in 1980,21.04,In stock,2,0.22084416883376673
Tracing Numbers on a Train,41.6,In stock,3,0.6321264252850571
Throne of Glass (Throne of Glass #1),35.07,In stock,3,0.501500300060012
Thomas Jefferson and the Tripoli Pirates: The Forgotten War That Changed American History,59.64,In stock,1,0.9929985997199442
Thirteen Reasons Why,52.72,In stock,1,0.8545709141828366
The White Cat and the Monk: A Retelling of the Poem “Pangur Bán”,58.08,In stock,4,0.9617923584716943
The Wedding Dress,24.12,In stock,1,0.28245649129825967
The Vacationers,42.15,In stock,4,0.643128625725145
The Third Wave: An Entrepreneur’s Vision of the Future,12.61,In stock,5,0.052210442088417686
The Stranger,17.44,In stock,4,0.1488297659531907
The Shadow Hero (The Shadow Hero),33.14,In stock,1,0.46289257851570315
The Secret (The Secret #1),27.37,In stock,4,0.34746949389877985
The Regional Office Is Under Attack!,51.36,In stock,5,0.8273654730946189
The Psychopath Test: A Journey Through the Madness Industry,36.0,In stock,2,0.520104020804161
The Project,10.65,In stock,1,0.013002600520104046
The Power of Now: A Guide to Spiritual Enlightenment,43.54,In stock,2,0.6709341868373675
The Omnivore's Dilemma: A Natural History of Four Meals,38.21,In stock,2,0.5643128625725145
The Nerdy Nummies Cookbook: Sweet Treats for the Geek in All of Us,37.34,In stock,5,0.5469093818763753
The Murder of Roger Ackroyd (Hercule Poirot #4),44.1,In stock,4,0.6821364272854571
The Mistake (Off-Campus #2),43.29,In stock,3,0.6659331866373275
The Matchmaker's Playbook (Wingmen Inc. #1),55.85,In stock,1,0.9171834366873377
The Love and Lemons Cookbook: An Apple-to-Zucchini Celebration of Impromptu Cooking,37.6,In stock,2,0.5521104220844169
The Long Shadow of Small Ghosts: Murder and Memory in an American City,10.97,In stock,1,0.019403880776155263
The Kite Runner,41.82,In stock,4,0.6365273054610923
The House by the Lake,36.95,In stock,1,0.539107821564313
The Glittering Court (The Glittering Court #1),44.28,In stock,1,0.685737147429486
The Girl on the Train,55.02,In stock,2,0.9005801160232048
The Genius of Birds,17.24,In stock,1,0.14482896579315863
The Emerald Mystery,23.15,In stock,2,0.26305261052210444
The Cookies & Cups Cookbook: 125+ sweet & savory recipes reminding you to Always Eat Dessert First,41.25,In stock,1,0.6251250250050011
The Bridge to Consciousness: I'm Writing the Bridge Between Science and Our Old and New Beliefs.,32.0,In stock,3,0.44008801760352073
The Artist's Way: A Spiritual Path to Higher Creativity,38.49,In stock,5,0.5699139827965594
The Art of War,33.34,In stock,5,0.46689337867573527
The Argonauts,10.93,In stock,2,0.018603720744148844
The 10% Entrepreneur: Live Your Startup Dream Without Quitting Your Day Job,27.55,In stock,3,0.35107021404280864
Suddenly in Love (Lake Haven #1),55.99,In stock,2,0.9199839967993599
Something More Than This,16.24,In stock,4,0.12482496499299855
Soft Apocalypse,26.12,In stock,2,0.32246449289857976
So You've Been Publicly Shamed,12.23,In stock,2,0.04460892178435688
Shoe Dog: A Memoir by the Creator of NIKE,23.99,In stock,2,0.27985597119423883
"Shobu Samurai, Project Aryoku (#3)",29.06,In stock,3,0.3812762552510502
Secrets and Lace (Fatal Hearts #1),20.27,In stock,1,0.20544108821764356
Scarlett Epstein Hates It Here,43.55,In stock,5,0.671134226845369
Romero and Juliet: A Tragic Tale of Love and Zombies,36.94,In stock,1,0.5389077815563112
Redeeming Love,20.47,In stock,5,0.20944188837767552
Poses for Artists Volume 1 - Dynamic and Sitting Poses: An Essential Reference for Figure Drawing and the Human Form,41.06,In stock,1,0.6213242648529707
Poems That Make Grown Women Cry,14.19,In stock,4,0.08381676335267052
"Nightingale, Sing",38.28,In stock,1,0.5657131426285258
Night Sky with Exit Wounds,41.05,In stock,1,0.6211242248449689
Mrs. Houdini,30.25,In stock,5,0.4050810162032407
Modern Romance,28.26,In stock,5,0.36527305461092224
Miss Peregrine’s Home for Peculiar Children (Miss Peregrine’s Peculiar Children #1),10.76,In stock,1,0.015203040608121637
Louisa: The Extraordinary Life of Mrs. Adams,16.85,In stock,2,0.13702740548109626
Little Red,13.47,In stock,3,0.06941388277655536
Library of Souls (Miss Peregrine’s Peculiar Children #3),48.56,In stock,5,0.771354270854171
Large Print Heart of the Pride,19.15,In stock,2,0.18303660732146426
I Had a Nice Time And Other Lies...: How to find love & sh*t like that,57.36,In stock,4,0.9473894778955791
Hollow City (Miss Peregrine’s Peculiar Children #2),42.98,In stock,1,0.6597319463892779
Grumbles,22.16,In stock,2,0.24324864972994603
Full Moon over Noah’s Ark: An Odyssey to Mount Ararat and Beyond,49.43,In stock,4,0.7887577515503101
Frostbite (Vampire Academy #2),29.99,In stock,5,0.39987997599519903
Follow You Home,21.36,In stock,1,0.22724544908981797
First Steps for New Christians (Print Edition),29.0,In stock,1,0.38007601520304063
Finders Keepers (Bill Hodges Trilogy #2),53.53,In stock,5,0.8707741548309664
"Fables, Vol. 1: Legends in Exile (Fables #1)",41.62,In stock,4,0.6325265053010602
Eureka Trivia 6.0,54.59,In stock,4,0.8919783956791361
Drive: The Surprising Truth About What Motivates Us,34.95,In stock,4,0.49909981996399283
Done Rubbed Out (Reightman & Bailey #1),37.72,In stock,5,0.5545109021804362
Doing It Over (Most Likely To #1),35.61,In stock,3,0.5123024604920985
"Deliciously Ella Every Day: Quick and Easy Recipes for Gluten-Free Snacks, Packed Lunches, and Simple Meals",42.16,In stock,3,0.6433286657331465
Dark Notes,19.19,In stock,5,0.1838367673534707
"Daring Greatly: How the Courage to Be Vulnerable Transforms the Way We Live, Love, Parent, and Lead",19.43,In stock,3,0.18863772754550912
Close to You,49.46,In stock,4,0.789357871574315
Chasing Heaven: What Dying Taught Me About Living,37.8,In stock,2,0.5561112222444489
Big Magic: Creative Living Beyond Fear,30.8,In stock,3,0.41608321664332876
Becoming Wise: An Inquiry into the Mystery and Art of Living,27.43,In stock,2,0.3486697339467894
Beauty Restored (Riley Family Legacy Novellas #3),11.11,In stock,2,0.022204440888177635
Batman: The Long Halloween (Batman),36.5,In stock,2,0.5301060212042408
Batman: The Dark Knight Returns (Batman),15.38,In stock,5,0.107621524304861
Ayumi's Violin,15.48,In stock,2,0.109621924384877
Anonymous,46.82,In stock,4,0.7365473094618924
Amy Meets the Saints and Sages,18.46,In stock,3,0.16923384676935388
Amid the Chaos,36.58,In stock,1,0.5317063412682537
Amatus,50.54,In stock,5,0.8109621924384878
Agnostic: A Spirited Manifesto,12.51,In stock,5,0.05021004200840168
Zealot: The Life and Times of Jesus of Nazareth,24.7,In stock,3,0.2940588117623525
You (You #1),43.61,In stock,5,0.6723344668933786
"Wonder Woman: Earth One, Volume One (Wonder Woman: Earth One #1)",37.34,In stock,4,0.5469093818763753
Wild Swans,14.36,In stock,2,0.08721744348869775
Why the Right Went Wrong: Conservatism--From Goldwater to the Tea Party and Beyond,52.65,In stock,4,0.8531706341268255
Whole Lotta Creativity Going On: 60 Fun and Unusual Exercises to Awaken and Strengthen Your Creativity,38.2,In stock,4,0.5641128225645129
What's It Like in Space?: Stories from Astronauts Who've Been There,19.6,In stock,2,0.19203840768153635
"We Are Robin, Vol. 1: The Vigilante Business (We Are Robin #1)",53.9,In stock,1,0.8781756351270256
Walt Disney's Alice in Wonderland,12.96,In stock,5,0.05921184236847371
V for Vendetta (V for Vendetta Complete),37.1,In stock,4,0.542108421684337
Until Friday Night (The Field Party #1),46.31,In stock,2,0.7263452690538108
"Unbroken: A World War II Story of Survival, Resilience, and Redemption",45.95,In stock,2,0.7191438287657532
Twenty Yawns,22.08,In stock,2,0.2416483296659332
Through the Woods,25.38,In stock,2,0.30766153230646126
This Is Where It Ends,27.12,In stock,2,0.34246849369873983
The Year of Magical Thinking,43.04,In stock,2,0.6609321864372875
The Wright Brothers,56.8,In stock,4,0.9361872374474896
The White Queen (The Cousins' War #1),25.91,In stock,5,0.3182636527305462
The Wedding Pact (The O'Malleys #2),32.61,In stock,3,0.45229045809161833
The Time Keeper,27.88,In stock,5,0.3576715343068613
The Testament of Mary,52.67,In stock,4,0.8535707141428288
The Star-Touched Queen,46.02,In stock,5,0.7205441088217646
The Songs of the Gods,44.48,In stock,5,0.6897379475895178
The Song of Achilles,37.4,In stock,5,0.5481096219243848
The Rosie Project (Don Tillman #1),54.04,In stock,1,0.8809761952390478
The Power of Habit: Why We Do What We Do in Life and Business,16.88,In stock,3,0.137627525505101
The Marriage of Opposites,28.08,In stock,4,0.36167233446689334
The Lucifer Effect: Understanding How Good People Turn Evil,10.4,In stock,1,0.008001600320064028
The Long Haul (Diary of a Wimpy Kid #9),44.07,In stock,1,0.6815363072614524
The Loney,23.4,In stock,1,0.2680536107221444
The Literature Book (Big Ideas Simply Explained),17.43,In stock,3,0.14862972594518903
The Last Mile (Amos Decker #2),54.21,In stock,2,0.8843768753750751
The Immortal Life of Henrietta Lacks,40.67,In stock,2,0.6135227045409082
The Hidden Oracle (The Trials of Apollo #1),52.26,In stock,2,0.845369073814763
The Help Yourself Cookbook for Kids: 60 Easy Plant-Based Recipes Kids Can Make to Stay Healthy and Save the Earth,28.77,In stock,3,0.37547509501900383
The Guilty (Will Robie #4),13.82,In stock,2,0.07641528305661133
The First Hostage (J.B. Collins #2),25.85,In stock,3,0.3170634126825365
The Dovekeepers,48.78,In stock,1,0.7757551510302061
The Darkest Lie,35.35,In stock,5,0.5071014202840569
The Bane Chronicles (The Bane Chronicles #1-11),44.73,In stock,4,0.6947389477895578
The Bad-Ass Librarians of Timbuktu: And Their Race to Save the World’s Most Precious Manuscripts,15.77,In stock,1,0.11542308461692341
The 14th Colony (Cotton Malone #11),39.24,In stock,1,0.5849169833966794
That Darkness (Gardiner and Renner #1),13.92,In stock,1,0.07841568313662733
Tastes Like Fear (DI Marnie Rome #3),10.69,In stock,1,0.01380276055211041
Take Me with You,45.21,In stock,3,0.7043408681736347
Swell: A Year of Waves,45.58,In stock,1,0.7117423484696939
Superman Vol. 1: Before Truth (Superman by Gene Luen Yang #1),11.89,In stock,5,0.03780756151230247
Still Life with Bread Crumbs,26.41,In stock,3,0.3282656531306261
Steve Jobs,39.5,In stock,5,0.590118023604721
Sorting the Beef from the Bull: The Science of Food Fraud Forensics,44.74,In stock,4,0.6949389877975596
Someone Like You (The Harrisons #2),52.79,In stock,5,0.8559711942388479
"So Cute It Hurts!!, Vol. 6 (So Cute It Hurts!! #6)",35.43,In stock,4,0.5087017403480696
Shtum,55.84,In stock,4,0.9169833966793361
See America: A Celebration of Our National Parks & Treasured Sites,48.87,In stock,3,0.7775555111022205
salt.,46.78,In stock,4,0.735747149429886
Robin War,47.82,In stock,3,0.7565513102620525
"Red Hood/Arsenal, Vol. 1: Open for Business (Red Hood/Arsenal #1)",25.48,In stock,2,0.3096619323864774
Rain Fish,23.57,In stock,3,0.27145429085817163
"Quarter Life Poetry: Poems for the Young, Broke and Hangry",50.89,In stock,5,0.8179635927185438
Pet Sematary,10.56,In stock,3,0.011202240448089623
"Overload: How to Unplug, Unwind, and Unleash Yourself from the Pressure of Stress",52.15,In stock,3,0.8431686337267454
Once Was a Time,18.28,In stock,2,0.1656331266253251
Old School (Diary of a Wimpy Kid #10),11.83,In stock,5,0.03660732146429288
No Dream Is Too High: Life Lessons From a Man Who Walked on the Moon,21.95,In stock,2,0.2390478095619124
"Naruto (3-in-1 Edition), Vol. 14: Includes Vols. 40, 41 & 42 (Naruto: Omnibus #14)",38.39,In stock,2,0.5679135827165434
My Name Is Lucy Barton,41.56,In stock,1,0.6313262652530507
My Mrs. Brown,24.48,In stock,3,0.2896579315863173
My Kind of Crazy,40.36,In stock,1,0.6073214642928586
Mr. Mercedes (Bill Hodges Trilogy #1),28.9,In stock,1,0.3780756151230246
More Than Music (Chasing the Dream #1),37.61,In stock,2,0.5523104620924184
Made to Stick: Why Some Ideas Survive and Others Die,38.85,In stock,5,0.5771154230846169
Luis Paints the World,53.95,In stock,3,0.8791758351670336
Luckiest Girl Alive,49.83,In stock,3,0.7967593518703742
Lowriders to the Center of the Earth (Lowriders in Space #2),51.51,In stock,2,0.830366073214643
Love Is a Mix Tape (Music #1),18.03,In stock,1,0.16063212642528507
Looking for Lovely: Collecting the Moments that Matter,29.14,In stock,5,0.3828765753150631
"Living Leadership by Insight: A Good Leader Achieves, a Great Leader Builds Monuments",46.91,In stock,4,0.7383476695339068
Let It Out: A Journey Through Journaling,26.79,In stock,5,0.3358671734346869
Lady Midnight (The Dark Artifices #1),16.28,In stock,5,0.12562512502500506
"It's All Easy: Healthy, Delicious Weeknight Meals in under 30 Minutes",19.55,In stock,1,0.19103820764152835
Island of Dragons (Unwanteds #7),29.65,In stock,1,0.3930786157231447
I Know What I'm Doing -- and Other Lies I Tell Myself: Dispatches from a Life Under Construction,25.98,In stock,4,0.3196639327865573
I Am Pilgrim (Pilgrim #1),10.6,In stock,4,0.012002400480096015
"Hyperbole and a Half: Unfortunate Situations, Flawed Coping Mechanisms, Mayhem, and Other Things That Happened",14.75,In stock,5,0.09501900380076017
"Hush, Hush (Hush, Hush #1)",47.02,In stock,3,0.7405481096219244
Hold Your Breath (Search and Rescue #1),28.82,In stock,1,0.37647529505901184
Hamilton: The Revolution,58.79,In stock,3,0.9759951990398081
Greek Mythic History,10.23,In stock,5,0.004600920184036822
God: The Most Unpleasant Character in All Fiction,30.03,In stock,5,0.4006801360272055
Glory over Everything: Beyond The Kitchen House,45.84,In stock,3,0.7169433886777357
Feathers: Displays of Brilliant Plumage,49.05,In stock,3,0.7811562312462492
"Far & Away: Places on the Brink of Change: Seven Continents, Twenty-Five Years",15.06,In stock,4,0.1012202440488098
Every Last Word,46.47,In stock,3,0.7295459091818364
Eligible (The Austen Project #4),27.09,In stock,3,0.34186837367473494
El Deafo,57.62,In stock,5,0.9525905181036207
Eight Hundred Grapes,14.39,In stock,4,0.08781756351270259
"Eaternity: More than 150 Deliciously Easy Vegan Recipes for a Long, Healthy, Satisfied, Joyful Life",51.75,In stock,5,0.8351670334066814
"Eat Fat, Get Thin",54.07,In stock,2,0.8815763152630527
Don't Get Caught,55.35,In stock,1,0.9071814362872577
Doctor Sleep (The Shining #2),40.12,In stock,2,0.6025205041008201
Demigods & Magicians: Percy and Annabeth Meet the Kanes (Percy Jackson & Kane Chronicles Crossover #1-3),37.51,In stock,5,0.5503100620124024
Dear Mr. Knightley,11.21,In stock,5,0.02420484096819367
Daily Fantasy Sports,36.58,In stock,1,0.5317063412682537
Crazy Love: Overwhelmed by a Relentless God,47.72,In stock,2,0.7545509101820365
Cometh the Hour (The Clifton Chronicles #6),25.01,In stock,3,0.3002600520104021
Code Name Verity (Code Name Verity #1),22.13,In stock,4,0.2426485297059412
Clockwork Angel (The Infernal Devices #1),44.14,In stock,1,0.6829365873174635
City of Glass (The Mortal Instruments #3),56.02,In stock,4,0.9205841168233648
City of Fallen Angels (The Mortal Instruments #4),11.23,In stock,4,0.024604920984196865
City of Bones (The Mortal Instruments #1),43.28,In stock,1,0.6657331466293259
City of Ashes (The Mortal Instruments #2),47.27,In stock,1,0.7455491098219644
Cell,20.29,In stock,4,0.20584116823364673
Catching Jordan (Hundred Oaks),50.83,In stock,3,0.8167633526705342
"Carry On, Warrior: Thoughts on Life Unarmed",31.85,In stock,3,0.4370874174834967
Carrie,46.23,In stock,2,0.7247449489897979
Buying In: The Secret Dialogue Between What We Buy and Who We Are,37.8,In stock,4,0.5561112222444489
Brain on Fire: My Month of Madness,49.32,In stock,5,0.7865573114622926
Batman: Europa,32.01,In stock,2,0.4402880576115223
Barefoot Contessa Back to Basics,28.01,In stock,1,0.3602720544108822
Barefoot Contessa at Home: Everyday Recipes You'll Make Over and Over Again,50.62,In stock,5,0.8125625125025004
Balloon Animals,17.03,In stock,3,0.14062812562512506
Art Ops Vol. 1,48.8,In stock,3,0.7761552310462092
Aristotle and Dante Discover the Secrets of the Universe (Aristotle and Dante Discover the Secrets of the Universe #1),58.14,In stock,4,0.9629925985197041
Angels Walking (Angels Walking #1),34.2,In stock,2,0.4840968193638729
Angels & Demons (Robert Langdon #1),51.48,In stock,3,0.8297659531906381
All the Light We Cannot See,29.87,In stock,5,0.3974794958991799
"Adulthood Is a Myth: A ""Sarah's Scribbles"" Collection",10.9,In stock,2,0.018003600720144036
Abstract City,56.37,In stock,5,0.9275855171034206
A Time of Torment (Charlie Parker #14),48.35,In stock,5,0.7671534306861374
A Study in Scarlet (Sherlock Holmes #1),16.73,In stock,2,0.13462692538507703
"A Series of Catastrophes and Miracles: A True Story of Love, Science, and Cancer",56.48,In stock,2,0.9297859571914384
A People's History of the United States,40.79,In stock,2,0.6159231846369273
A Man Called Ove,39.72,In stock,1,0.5945189037807561
A Distant Mirror: The Calamitous 14th Century,14.58,In stock,3,0.09161832366473294
A Brush of Wings (Angels Walking #3),55.51,In stock,1,0.910382076415283
1491: New Revelations of the Americas Before Columbus,21.8,In stock,3,0.2360472094418884
"The Three Searches, Meaning, and the Story",13.33,In stock,3,0.0666133226645329
Searching for Meaning in Gailana,38.73,In stock,1,0.5747149429885976
Rook,37.86,In stock,4,0.5573114622924584
My Kitchen Year: 136 Recipes That Saved My Life,11.53,In stock,2,0.03060612122424483
13 Hours: The Inside Account of What Really Happened In Benghazi,27.06,In stock,1,0.34126825365073016
Will You Won't You Want Me?,13.86,In stock,3,0.07721544308861772
Tipping Point for Planet Earth: How Close Are We to the Edge?,37.55,In stock,1,0.5511102220444088
The Star-Touched Queen,32.3,In stock,5,0.44608921784356864
The Silent Sister (Riley MacPherson #1),46.29,In stock,5,0.7259451890378077
The Midnight Watch: A Novel of the Titanic and the Californian,26.2,In stock,1,0.32406481296259254
The Lonely City: Adventures in the Art of Being Alone,33.26,In stock,2,0.4652930586117224
The Gray Rhino: How to Recognize and Act on the Obvious Dangers We Ignore,59.15,In stock,4,0.9831966393278657
The Golden Condom: And Other Essays on Love Lost and Found,39.43,In stock,1,0.5887177435487099
The Epidemic (The Program 0.6),14.44,In stock,5,0.08881776355271054
The Dinner Party,56.54,In stock,2,0.930986197239448
The Diary of a Young Girl,59.9,In stock,3,0.9981996399279858
The Children,11.88,In stock,3,0.037607521504300884
Stars Above (The Lunar Chronicles #4.5),48.05,In stock,2,0.7611522304460892
Snatched: How A Drug Queen Went Undercover for the DEA and Was Kidnapped By Colombian Guerillas,21.21,In stock,3,0.22424484896979402
Raspberry Pi Electronics Projects for the Evil Genius,49.67,In stock,4,0.7935587117423486
Quench Your Own Thirst: Business Lessons Learned Over a Beer or Two,43.14,In stock,1,0.6629325865173035
Psycho: Sanitarium (Psycho #1.5),36.97,In stock,5,0.5395079015803161
Poisonous (Max Revere Novels #3),26.8,In stock,3,0.3360672134426886
One with You (Crossfire #5),15.71,In stock,4,0.1142228445689138
No Love Allowed (Dodge Cove #1),54.65,In stock,4,0.8931786357271454
Murder at the 42nd Street Library (Raymond Ambler #1),54.36,In stock,4,0.8873774754950992
Most Wanted,35.28,In stock,3,0.5057011402280456
"Love, Lies and Spies",20.55,In stock,2,0.21104220844168836
How to Speak Golf: An Illustrated Guide to Links Lingo,58.32,In stock,5,0.9665933186637328
Hide Away (Eve Duncan #20),11.84,In stock,1,0.036807361472294464
Furiously Happy: A Funny Book About Horrible Things,41.46,In stock,4,0.6293258651730347
Everyday Italian: 125 Simple and Delicious Recipes,20.1,In stock,5,0.20204040808161638
Equal Is Unfair: America's Misguided Fight Against Income Inequality,56.86,In stock,1,0.9373874774954991
Eleanor & Park,56.51,In stock,5,0.9303860772154431
Dirty (Dive Bar #1),40.83,In stock,4,0.6167233446689337
Can You Keep a Secret? (Fear Street Relaunch #4),48.64,In stock,1,0.7729545909181836
Boar Island (Anna Pigeon #19),59.48,In stock,3,0.9897979595919184
A Paris Apartment,39.01,In stock,4,0.5803160632126425
"A la Mode: 120 Recipes in 60 Pairings: Pies, Tarts, Cakes, Crisps, and More Topped with Ice Cream, Gelato, Frozen Custard, and More",38.77,In stock,1,0.5755151030206043
Troublemaker: Surviving Hollywood and Scientology,48.39,In stock,2,0.7679535907181436
The Widow,27.26,In stock,2,0.34526905381076217
"The Sleep Revolution: Transforming Your Life, One Night at a Time",11.68,In stock,4,0.03360672134426887
The Improbability of Love,59.45,In stock,1,0.9891978395679137
The Art of Startup Fundraising,21.0,In stock,3,0.2200440088017604
Take Me Home Tonight (Rock Star Romance #3),53.98,In stock,3,0.8797759551910382
Sleeping Giants (Themis Files #1),48.74,In stock,1,0.7749549909981996
"Setting the World on Fire: The Brief, Astonishing Life of St. Catherine of Siena",21.15,In stock,2,0.22304460892178435
Playing with Fire,13.71,In stock,3,0.07421484296859376
Off the Hook (Fishing for Trouble #1),47.67,In stock,3,0.7535507101420285
Mothering Sunday,13.34,In stock,2,0.06681336267253452
"Mother, Can You Not?",16.89,In stock,5,0.13782756551310266
M Train,27.18,In stock,1,0.3436687337467494
Lilac Girls,17.28,In stock,2,0.14562912582516507
Lies and Other Acts of Love,45.14,In stock,1,0.7029405881176236
Lab Girl,40.85,In stock,1,0.6171234246849371
Keep Me Posted,20.46,In stock,4,0.20924184836967397
It Didn't Start with You: How Inherited Family Trauma Shapes Who We Are and How to End the Cycle,56.27,In stock,3,0.9255851170234048
Grey (Fifty Shades #4),48.49,In stock,4,0.7699539907981596
"Exit, Pursued by a Bear",51.34,In stock,4,0.8269653930786158
Daredevils,16.34,In stock,3,0.12682536507301462
Cravings: Recipes for What You Want to Eat,20.5,In stock,3,0.21004200840168036
Born for This: How to Find the Work You Were Meant to Do,21.59,In stock,5,0.23184636927385477
Arena,21.36,In stock,4,0.22724544908981797
Adultery,20.88,In stock,5,0.21764352870574116
A Mother's Reckoning: Living in the Aftermath of Tragedy,19.53,In stock,3,0.19063812762552512
A Gentleman's Position (Society of Gentlemen #3),14.75,In stock,5,0.09501900380076017
11/22/63,48.48,In stock,3,0.7697539507901581
"10% Happier: How I Tamed the Voice in My Head, Reduced Stress Without Losing My Edge, and Found Self-Help That Actually Works",24.57,In stock,2,0.2914582916583317
10-Day Green Smoothie Cleanse: Lose Up to 15 Pounds in 10 Days!,49.71,In stock,5,0.7943588717743548
Without Shame,48.27,In stock,5,0.7655531106221245
Watchmen,58.05,In stock,4,0.9611922384476896
Unlimited Intuition Now,58.87,In stock,4,0.9775955191038208
Underlying Notes,11.82,In stock,2,0.03640728145629127
The Shack,28.03,In stock,1,0.36067213442688545
The New Brand You: Your New Image Makes the Sale for You,44.05,In stock,5,0.6811362272454491
"The Moosewood Cookbook: Recipes from Moosewood Restaurant, Ithaca, New York",12.34,In stock,4,0.04680936187237447
The Flowers Lied,16.68,In stock,2,0.13362672534506903
"The Fabric of the Cosmos: Space, Time, and the Texture of Reality",55.91,In stock,1,0.918383676735347
The Book of Mormon,24.57,In stock,3,0.2914582916583317
The Art and Science of Low Carbohydrate Living,52.98,In stock,5,0.8597719543908782
The Alien Club,54.4,In stock,1,0.8881776355271056
Suzie Snowflake: One beautiful flake (a self-esteem story),54.81,In stock,5,0.8963792758551712
Nap-a-Roo,25.08,In stock,1,0.30166033206641324
"NaNo What Now? Finding your editing process, revising your NaNoWriMo book and building a writing career through publishing and beyond",10.41,In stock,4,0.008201640328065612
Modern Day Fables,47.44,In stock,2,0.7489497899579916
If I Gave You God's Phone Number....: Searching for Spirituality in America,20.91,In stock,1,0.21824364872974594
"Fruits Basket, Vol. 9 (Fruits Basket #9)",33.95,In stock,4,0.47909581916383287
Dress Your Family in Corduroy and Denim,43.68,In stock,3,0.67373474694939
Don't Forget Steven,33.23,In stock,1,0.4646929385877175
Chernobyl 01:23:40: The Incredible True Story of the World's Worst Nuclear Disaster,35.92,In stock,2,0.5185037007401481
Art and Fear: Observations on the Perils (and Rewards) of Artmaking,48.63,In stock,4,0.7727545509101821
A Shard of Ice (The Black Symphony Saga #1),56.63,In stock,3,0.9327865573114624
A Hero's Curse (The Unseen Chronicles #1),50.49,In stock,3,0.8099619923984798
23 Degrees South: A Tropical Tale of Changing Whether...,35.79,In stock,2,0.5159031806361272
"Zero to One: Notes on Startups, or How to Build the Future",34.06,In stock,3,0.48129625925185043
Why Not Me?,17.76,In stock,1,0.15523104620924189
When Breath Becomes Air,39.36,In stock,2,0.5873174634926985
Vagabonding: An Uncommon Guide to the Art of Long-Term World Travel,36.94,In stock,2,0.5389077815563112
The Unlikely Pilgrimage of Harold Fry (Harold Fry #1),43.62,In stock,5,0.6725345069013802
The New Drawing on the Right Side of the Brain,43.02,In stock,3,0.6605321064212843
"The Midnight Assassin: Panic, Scandal, and the Hunt for America's First Serial Killer",28.45,In stock,4,0.3690738147629526
The Martian (The Martian #1),41.39,In stock,2,0.6279255851170233
The High Mountains of Portugal,51.15,In stock,1,0.8231646329265854
The Grownup,35.88,In stock,1,0.5177035407081416
The E-Myth Revisited: Why Most Small Businesses Don't Work and What to Do About It,36.91,In stock,1,0.5383076615323064
South of Sunshine,28.93,In stock,1,0.3786757351470294
Smarter Faster Better: The Secrets of Being Productive in Life and Business,38.89,In stock,5,0.5779155831166234
Silence in the Dark (Logan Point #4),58.33,In stock,3,0.9667933586717343
Shadows of the Past (Logan Point #1),39.67,In stock,5,0.5935187037407481
Roller Girl,14.1,In stock,5,0.08201640328065612
Rising Strong,21.82,In stock,3,0.23644728945789162
Proofs of God: Classical Arguments from Tertullian to Barth,54.21,In stock,1,0.8843768753750751
Please Kill Me: The Uncensored Oral History of Punk,31.19,In stock,4,0.4238847769553911
Out of Print: City Lights Spotlight No. 14,53.64,In stock,5,0.872974594918984
My Life Next Door (My Life Next Door ),36.39,In stock,5,0.5279055811162232
Miller's Valley,58.54,In stock,2,0.9709941988397681
Man's Search for Meaning,29.48,In stock,3,0.38967793558711744
"Love That Boy: What Two Presidents, Eight Road Trips, and My Son Taught Me About a Parent's Expectations",25.06,In stock,2,0.3012602520504101
Living Forward: A Proven Plan to Stop Drifting and Get the Life You Want,12.55,In stock,3,0.051010202040408126
Les Fleurs du Mal,29.04,In stock,5,0.38087617523504697
Left Behind (Left Behind #1),40.72,In stock,2,0.6145229045809162
Kill 'Em and Leave: Searching for James Brown and the American Soul,45.05,In stock,5,0.7011402280456092
Kierkegaard: A Christian Missionary to Christians,47.13,In stock,1,0.742748549709942
John Vassos: Industrial Design for Modern Life,20.22,In stock,4,0.2044408881776355
I'll Give You the Sun,56.48,In stock,1,0.9297859571914384
I Will Find You,44.21,In stock,1,0.6843368673734747
Hystopia: A Novel,21.96,In stock,4,0.23924784956991402
Howl and Other Poems,40.45,In stock,2,0.609121824364873
History of Beauty,10.29,In stock,4,0.0058011602320464095
Heaven is for Real: A Little Boy's Astounding Story of His Trip to Heaven and Back,52.86,In stock,2,0.857371474294859
Future Shock (Future Shock #1),55.65,In stock,5,0.9131826365273055
Ender's Game (The Ender Quintet #1),43.64,In stock,1,0.6729345869173835
Diary of a Citizen Scientist: Chasing Tiger Beetles and Other New Ways of Engaging the World,28.41,In stock,1,0.36827365473094625
Death by Leisure: A Cautionary Tale,37.51,In stock,4,0.5503100620124024
Brilliant Beacons: A History of the American Lighthouse,11.45,In stock,3,0.029005801160232048
Brazen: The Courage to Find the You That's Been Hiding,19.22,In stock,2,0.1844368873774755
Between the World and Me,56.91,In stock,4,0.9383876775355071
Being Mortal: Medicine and What Matters in the End,55.06,In stock,4,0.9013802760552112
"A Murder Over a Girl: Justice, Gender, Junior High",13.2,In stock,3,0.06401280256051212
32 Yolks,53.63,In stock,2,0.8727745549109824
"""Most Blessed of the Patriarchs"": Thomas Jefferson and the Empire of the Imagination",44.48,In stock,5,0.6897379475895178
You Are a Badass: How to Stop Doubting Your Greatness and Start Living an Awesome Life,12.08,In stock,3,0.04160832166433287
Wildlife of New York: A Five-Borough Coloring Book,22.14,In stock,2,0.2428485697139428
What Happened on Beale Street (Secrets of the South Mysteries #2),25.37,In stock,5,0.3074614922984597
Unreasonable Hope: Finding Faith in the God Who Brings Purpose to Your Pain,46.33,In stock,2,0.7267453490698139
Under the Tuscan Sun,37.33,In stock,3,0.5467093418683737
Toddlers Are A**holes: It's Not Your Fault,25.55,In stock,1,0.3110622124424885
The Year of Living Biblically: One Man's Humble Quest to Follow the Bible as Literally as Possible,34.72,In stock,1,0.49449889977995604
The Whale,35.96,In stock,4,0.5193038607721545
The Story of Art,41.14,In stock,4,0.6229245849169835
The Origin of Species,10.01,In stock,4,0.0002000400080016118
The Great Gatsby,36.05,In stock,4,0.5211042208441687
The Good Girl,49.03,In stock,3,0.7807561512302461
The Glass Castle,16.24,In stock,1,0.12482496499299855
The Faith of Christopher Hitchens: The Restless Soul of the World's Most Notorious Atheist,39.55,In stock,1,0.591118223644729
The Drowning Girls,35.67,In stock,3,0.513502700540108
The Constant Princess (The Tudor Court #1),16.62,In stock,3,0.13242648529705947
The Bourne Identity (Jason Bourne #1),42.78,In stock,4,0.6557311462292459
The Bachelor Girl's Guide to Murder (Herringford and Watts Mysteries #1),52.3,In stock,5,0.8461692338467695
The Art Book,32.34,In stock,2,0.4468893778755752
The 7 Habits of Highly Effective People: Powerful Lessons in Personal Change,33.17,In stock,4,0.46349269853970804
Team of Rivals: The Political Genius of Abraham Lincoln,20.12,In stock,5,0.20244048809761955
Steal Like an Artist: 10 Things Nobody Told You About Being Creative,20.9,In stock,2,0.21804360872174433
"Sit, Stay, Love",20.9,In stock,3,0.21804360872174433
Sister Dear,40.2,In stock,4,0.604120824164833
"Shrunken Treasures: Literary Classics, Short, Sweet, and Silly",52.87,In stock,3,0.8575715143028606
"Rich Dad, Poor Dad",51.74,In stock,1,0.8349669933986799
Raymie Nightingale,34.41,In stock,2,0.48829765953190635
Playing from the Heart,32.38,In stock,1,0.44768953790758165
Nightstruck: A Novel,50.35,In stock,4,0.8071614322864573
"Naturally Lean: 125 Nourishing Gluten-Free, Plant-Based Recipes--All Under 300 Calories",11.38,In stock,5,0.027605521104220876
Meternity,43.58,In stock,3,0.6717343468693739
Memoirs of a Geisha,49.67,In stock,3,0.7935587117423486
Like Never Before (Walker Family #2),28.77,In stock,2,0.37547509501900383
Life of Pi,13.22,In stock,4,0.06441288257651534
Leave This Song Behind: Teen Poetry at Its Best,51.17,In stock,5,0.8235647129425887
King's Folly (The Kinsman Chronicles #1),39.61,In stock,5,0.5923184636927386
John Adams,57.43,In stock,4,0.9487897579515905
How to Cook Everything Vegetarian: Simple Meatless Recipes for Great Food (How to Cook Everything),46.01,In stock,4,0.7203440688137628
How to Be a Domestic Goddess: Baking and the Art of Comfort Cooking,28.25,In stock,2,0.3650730146029206
Good in Bed (Cannie Shapiro #1),37.05,In stock,5,0.5411082216443288
"Fruits Basket, Vol. 7 (Fruits Basket #7)",19.57,In stock,1,0.19143828765753151
For the Love: Fighting for Grace in a World of Impossible Standards,45.13,In stock,3,0.702740548109622
Finding God in the Ruins: How God Redeems Pain,46.64,In stock,2,0.7329465893178637
Every Heart a Doorway (Every Heart A Doorway #1),12.16,In stock,5,0.04320864172834568
Delivering the Truth (Quaker Midwife Mystery #1),20.89,In stock,4,0.21784356871374277
Counted With the Stars (Out from Egypt #1),17.97,In stock,5,0.15943188637727546
"Chronicles, Vol. 1",52.6,In stock,2,0.8521704340868175
Blue Like Jazz: Nonreligious Thoughts on Christian Spirituality,25.77,In stock,1,0.31546309261852373
Benjamin Franklin: An American Life,48.19,In stock,3,0.7639527905581116
"At The Existentialist Café: Freedom, Being, and apricot cocktails with: Jean-Paul Sartre, Simone de Beauvoir, Albert Camus, Martin Heidegger, Edmund Husserl, Karl Jaspers, Maurice Merleau-Ponty and others",29.93,In stock,5,0.3986797359471895
A Summer In Europe,44.34,In stock,2,0.6869373874774956
A Short History of Nearly Everything,52.4,In stock,5,0.8481696339267855
A Gathering of Shadows (Shades of Magic #2),44.81,In stock,4,0.6963392678535707
The Sound Of Love,57.84,In stock,5,0.9569913982796561
The Rise and Fall of the Third Reich: A History of Nazi Germany,39.67,In stock,2,0.5935187037407481
The Perks of Being a Wallflower,55.02,In stock,3,0.9005801160232048
The Mysterious Affair at Styles (Hercule Poirot #1),24.8,In stock,4,0.2960592118423685
The Man Who Mistook His Wife for a Hat and Other Clinical Tales,59.45,In stock,4,0.9891978395679137
The Makings of a Fatherless Child,31.58,In stock,2,0.4316863372674535
The Joy of Cooking,43.27,In stock,4,0.6655331066213244
The Invention of Wings,37.34,In stock,1,0.5469093818763753
The Hobbit (Middle-Earth Universe),17.8,In stock,5,0.15603120624124828
The Great Railway Bazaar,30.54,In stock,1,0.41088217643528707
The Golden Compass (His Dark Materials #1),18.77,In stock,1,0.1754350870174035
The God Delusion,46.85,In stock,3,0.7371474294858973
The Girl You Left Behind (The Girl You Left Behind #1),15.79,In stock,1,0.11582316463292658
The Fellowship of the Ring (The Lord of the Rings #1),10.27,In stock,2,0.005401080216043214
The Collected Poems of W.B. Yeats (The Collected Works of W.B. Yeats #1),15.42,In stock,5,0.10842168433686739
The Barefoot Contessa Cookbook,59.92,In stock,5,0.9985997199439889
Tell the Wolves I'm Home,50.96,In stock,2,0.8193638727745551
Ship Leaves Harbor: Essays on Travel by a Recovering Journeyman,30.6,In stock,3,0.41208241648329674
Pride and Prejudice,19.27,In stock,4,0.1854370874174835
Musicophilia: Tales of Music and the Brain,46.58,In stock,1,0.7317463492698539
Mere Christianity,48.51,In stock,3,0.7703540708141627
Me Before You (Me Before You #1),19.02,In stock,1,0.18043608721744347
In the Woods (Dublin Murder Squad #1),38.38,In stock,2,0.5677135427085418
In Cold Blood,49.98,In stock,4,0.799759951990398
How to Stop Worrying and Start Living,46.49,In stock,5,0.7299459891978397
Give It Back,18.32,In stock,2,0.16643328665733148
"Girl, Interrupted",42.14,In stock,3,0.6429285857171434
Fun Home: A Family Tragicomic,56.59,In stock,4,0.931986397279456
"Fruits Basket, Vol. 6 (Fruits Basket #6)",20.96,In stock,4,0.219243848769754
Deception Point,40.32,In stock,4,0.6065213042608522
"Death Note, Vol. 6: Give-and-Take (Death Note #6)",36.39,In stock,3,0.5279055811162232
Catherine the Great: Portrait of a Woman,58.55,In stock,4,0.9711942388477697
Better Homes and Gardens New Cook Book,39.61,In stock,3,0.5923184636927386
An Unquiet Mind: A Memoir of Moods and Madness,21.3,In stock,3,0.22604520904180841
A Year in Provence (Provence #1),56.88,In stock,4,0.9377875575115024
World Without End (The Pillars of the Earth #2),32.97,In stock,4,0.4594918983796759
"Will Grayson, Will Grayson (Will Grayson, Will Grayson)",47.31,In stock,4,0.7463492698539709
Why Save the Bankers?: And Other Essays on Our Economic and Political Crisis,48.67,In stock,2,0.7735547109421885
Where She Went (If I Stay #2),41.73,In stock,4,0.6347269453890778
What If?: Serious Scientific Answers to Absurd Hypothetical Questions,53.68,In stock,4,0.8737747549509902
Two Summers,14.64,In stock,1,0.09281856371274255
This Is Your Brain on Music: The Science of a Human Obsession,38.4,In stock,1,0.5681136227245449
The Secret Garden,15.08,In stock,4,0.10162032406481297
The Raven King (The Raven Cycle #4),30.57,In stock,2,0.41148229645929185
The Raven Boys (The Raven Cycle #1),57.74,In stock,4,0.9549909981996401
The Power Greens Cookbook: 140 Delicious Superfood Recipes,11.05,In stock,5,0.021004200840168047
The Metamorphosis,28.58,In stock,1,0.3716743348669734
The Mathews Men: Seven Brothers and the War Against Hitler's U-boats,42.91,In stock,5,0.6583316663332666
The Little Paris Bookshop,24.73,In stock,3,0.2946589317863573
The Hiding Place,55.91,In stock,4,0.918383676735347
The Grand Design,13.76,In stock,3,0.07521504300860171
The Firm,45.56,In stock,3,0.7113422684536908
The Fault in Our Stars,47.22,In stock,1,0.7445489097819564
The False Prince (The Ascendance Trilogy #1),56.0,In stock,5,0.9201840368073615
The Expatriates,44.58,In stock,2,0.691738347669534
The Dream Thieves (The Raven Cycle #2),34.5,In stock,1,0.4900980196039208
The Darkest Corners,11.33,In stock,5,0.026605321064212845
The Crossover,38.77,In stock,4,0.5755151030206043
The 5th Wave (The 5th Wave #1),11.83,In stock,2,0.03660732146429288
Tell the Wind and Fire,45.51,In stock,3,0.7103420684136827
Tell Me Three Things,41.81,In stock,1,0.6363272654530907
Talking to Girls About Duran Duran: One Young Man's Quest for True Love and a Cooler Haircut,25.15,In stock,4,0.30306061212242447
Siddhartha,34.22,In stock,5,0.484496899379876
Shiver (The Wolves of Mercy Falls #1),16.23,In stock,5,0.124624924984997
Remember Me?,11.48,In stock,3,0.029605921184236855
Red Dragon (Hannibal Lecter #1),23.37,In stock,3,0.2674534906981397
Peak: Secrets from the New Science of Expertise,16.28,In stock,2,0.12562512502500506
My Mother Was Nuts,31.63,In stock,4,0.4326865373074615
Mexican Today: New and Rediscovered Recipes for Contemporary Kitchens,24.91,In stock,5,0.2982596519303861
Maybe Something Beautiful: How Art Transformed a Neighborhood,22.54,In stock,1,0.2508501700340068
Lola and the Boy Next Door (Anna and the French Kiss #2),23.63,In stock,4,0.27265453090618125
Logan Kade (Fallen Crest High #5.5),13.12,In stock,2,0.06241248249649928
Last One Home (New Beginnings #1),59.98,In stock,3,0.9997999599919984
Killing Floor (Jack Reacher #1),31.49,In stock,4,0.42988597719543903
Kill the Boy Band,15.52,In stock,5,0.11042208441688339
Isla and the Happily Ever After (Anna and the French Kiss #3),48.13,In stock,5,0.762752550510102
If I Stay (If I Stay #1),38.13,In stock,5,0.5627125425085018
I Know Why the Caged Bird Sings (Maya Angelou's Autobiography #1),36.55,In stock,2,0.5311062212442488
Harry Potter and the Deathly Hallows (Harry Potter #7),23.32,In stock,1,0.26645329065813167
"Fruits Basket, Vol. 5 (Fruits Basket #5)",16.33,In stock,1,0.126625325065013
Foundation (Foundation (Publication Order) #1),32.42,In stock,1,0.448489697939588
Fool Me Once,16.96,In stock,1,0.13922784556911383
Find Her (Detective D.D. Warren #8),22.37,In stock,1,0.24744948989797966
Evicted: Poverty and Profit in the American City,42.27,In stock,1,0.6455291058211643
Drama,38.7,In stock,2,0.5741148229645929
Dracula the Un-Dead,35.63,In stock,5,0.5127025405081016
Digital Fortress,58.0,In stock,5,0.9601920384076816
"Death Note, Vol. 5: Whiteout (Death Note #5)",52.41,In stock,1,0.848369673934787
"Data, A Love Story: How I Gamed Online Dating to Meet My Match",32.35,In stock,3,0.44708941788357676
Critique of Pure Reason,20.75,In stock,1,0.21504300860172038
Booked,17.49,In stock,5,0.14982996599319864
"Blue Lily, Lily Blue (The Raven Cycle #3)",34.13,In stock,5,0.48269653930786166
Approval Junkie: Adventures in Caring Too Much,58.81,In stock,5,0.9763952790558112
An Abundance of Katherines,10.0,In stock,5,0.0
America's War for the Greater Middle East: A Military History,51.22,In stock,2,0.8245649129825965
Alight (The Generations Trilogy #2),58.59,In stock,4,0.9719943988797761
A Girl's Guide to Moving On (New Beginnings #2),31.3,In stock,1,0.4260852170434087
A Game of Thrones (A Song of Ice and Fire #1),46.42,In stock,2,0.7285457091418284
A Feast for Crows (A Song of Ice and Fire #4),17.21,In stock,4,0.14422884576915385
A Clash of Kings (A Song of Ice and Fire #2),10.79,In stock,3,0.015803160632126417
Vogue Colors A to Z: A Fashion Coloring Book,52.35,In stock,4,0.8471694338867775
The Shining (The Shining #1),27.88,In stock,3,0.3576715343068613
The Pilgrim's Progress,50.26,In stock,2,0.8053610722144429
The Perfect Play (Play by Play #1),59.99,In stock,3,1.0000000000000002
The Passion of Dolssa,28.32,In stock,5,0.3664732946589318
The Jazz of Physics: The Secret Link Between Music and the Structure of the Universe,38.71,In stock,3,0.5743148629725945
The Hunger Games (The Hunger Games #1),29.85,In stock,5,0.3970794158831767
The Hound of the Baskervilles (Sherlock Holmes #5),14.82,In stock,2,0.0964192838567714
The Gunning of America: Business and the Making of American Gun Culture,16.81,In stock,4,0.13622724544908982
The Geography of Bliss: One Grump's Search for the Happiest Places in the World,28.23,In stock,2,0.36467293458691746
The Demonists (Demonist #1),52.11,In stock,2,0.842368473694739
"The Demon Prince of Momochi House, Vol. 4 (The Demon Prince of Momochi House #4)",27.88,In stock,2,0.3576715343068613
The Bone Hunters (Lexy Vaughan & Steven Macaulay #2),59.71,In stock,3,0.9943988797759553
The Beast (Black Dagger Brotherhood #14),46.08,In stock,5,0.7217443488697739
Some Women,13.73,In stock,5,0.07461492298459693
Shopaholic Ties the Knot (Shopaholic #3),48.39,In stock,5,0.7679535907181436
Paper and Fire (The Great Library #2),49.45,In stock,5,0.7891578315663135
Outlander (Outlander #1),19.67,In stock,5,0.19343868773754758
"Orchestra of Exiles: The Story of Bronislaw Huberman, the Israel Philharmonic, and the One Thousand Jews He Saved from Nazi Horrors",12.36,In stock,3,0.04720944188837767
No One Here Gets Out Alive,20.02,In stock,5,0.20044008801760355
Night Shift (Night Shift #1-20),12.75,In stock,4,0.055011002200440084
Needful Things,47.51,In stock,4,0.7503500700140029
Mockingjay (The Hunger Games #3),20.44,In stock,4,0.2088417683536708
Misery,34.79,In stock,2,0.49589917983596715
Little Women (Little Women #1),28.07,In stock,4,0.3614722944588918
It,25.01,In stock,3,0.3002600520104021
Harry Potter and the Sorcerer's Stone (Harry Potter #1),13.9,In stock,3,0.07801560312062417
Harry Potter and the Prisoner of Azkaban (Harry Potter #3),24.17,In stock,4,0.28345669133826773
Harry Potter and the Order of the Phoenix (Harry Potter #5),31.63,In stock,4,0.4326865373074615
Harry Potter and the Half-Blood Prince (Harry Potter #6),48.75,In stock,5,0.7751550310062012
Harry Potter and the Chamber of Secrets (Harry Potter #2),14.74,In stock,1,0.09481896379275856
Gone with the Wind,32.49,In stock,3,0.4498899779955992
God Is Not Great: How Religion Poisons Everything,27.8,In stock,1,0.35607121424284865
Girl With a Pearl Earring,26.77,In stock,1,0.3354670934186838
"Fruits Basket, Vol. 4 (Fruits Basket #4)",50.44,In stock,4,0.8089617923584718
Far From True (Promise Falls Trilogy #2),34.93,In stock,2,0.4986997399479896
Dark Lover (Black Dagger Brotherhood #1),12.87,In stock,1,0.05741148229645926
Confessions of a Shopaholic (Shopaholic #1),48.94,In stock,2,0.7789557911582317
Changing the Game (Play by Play #2),13.38,In stock,3,0.06761352270454091
Candide,58.63,In stock,3,0.9727945589117826
Can You Keep a Secret?,21.94,In stock,1,0.23884776955391085
Atlas Shrugged,26.58,In stock,5,0.33166633326665335
Animal Farm,57.22,In stock,3,0.9445889177835567
A Walk to Remember,56.43,In stock,1,0.9287857571514304
A New Earth: Awakening to Your Life's Purpose,55.65,In stock,5,0.9131826365273055
"A History of God: The 4,000-Year Quest of Judaism, Christianity, and Islam",27.62,In stock,1,0.35247049409881975
'Salem's Lot,49.56,In stock,4,0.791358271654331
Zero History (Blue Ant #3),34.77,In stock,1,0.49549909981996404
Wuthering Heights,17.73,In stock,3,0.15463092618523705
World War Z: An Oral History of the Zombie War,21.8,In stock,1,0.2360472094418884
Wild: From Lost to Found on the Pacific Crest Trail,46.02,In stock,3,0.7205441088217646
"Where'd You Go, Bernadette",18.13,In stock,1,0.16263252650530108
When You Are Engulfed in Flames,30.89,In stock,5,0.4178835767153431
We the People: The Modern-Day Figures Who Have Reshaped and Affirmed the Founding Fathers' Vision of America,31.95,In stock,3,0.43908781756351273
We Are All Completely Beside Ourselves,24.04,In stock,1,0.28085617123424683
Walk the Edge (Thunder Road #2),32.36,In stock,3,0.4472894578915783
Voyager (Outlander #3),21.07,In stock,5,0.22144428885777157
Very Good Lives: The Fringe Benefits of Failure and the Importance of Imagination,50.66,In stock,3,0.8133626725345069
Vegan Vegetarian Omnivore: Dinner for Everyone at the Table,13.66,In stock,2,0.0732146429285857
"Unstuffed: Decluttering Your Home, Mind, and Soul",58.09,In stock,1,0.9619923984796961
Under the Banner of Heaven: A Story of Violent Faith,30.0,In stock,1,0.4000800160032007
Two Boys Kissing,32.74,In stock,2,0.45489097819563923
Twilight (Twilight #1),41.93,In stock,2,0.6387277455491098
Twenties Girl,42.8,In stock,2,0.656131226245249
"Trespassing Across America: One Man's Epic, Never-Done-Before (and Sort of Illegal) Hike Across the Heartland",53.51,In stock,1,0.8703740748149631
Three-Martini Lunch,23.21,In stock,3,0.26425285057011405
"Thinking, Fast and Slow",21.14,In stock,1,0.2228445689137828
The Wild Robot,56.07,In stock,3,0.9215843168633728
"The Wicked + The Divine, Vol. 3: Commercial Suicide (The Wicked + The Divine)",14.41,In stock,3,0.08821764352870576
The Undomestic Goddess,45.75,In stock,4,0.7151430286057212
The Travelers,15.77,In stock,1,0.11542308461692341
The Tipping Point: How Little Things Can Make a Big Difference,10.02,In stock,2,0.00040008001600319587
The Thing About Jellyfish,48.77,In stock,1,0.7755551110222045
The Stand,57.86,In stock,2,0.9573914782956592
The Smitten Kitchen Cookbook,23.59,In stock,1,0.27185437087417486
The Silkworm (Cormoran Strike #2),23.05,In stock,5,0.26105221044208843
"The Sandman, Vol. 3: Dream Country (The Sandman (volumes) #3)",55.55,In stock,5,0.9111822364472895
The Rose & the Dagger (The Wrath and the Dawn #2),58.64,In stock,4,0.9729945989197841
The Road to Little Dribbling: Adventures of an American in Britain (Notes From a Small Island #2),23.21,In stock,1,0.26425285057011405
The Rise of Theodore Roosevelt (Theodore Roosevelt #1),42.57,In stock,3,0.6515303060612123
The Restaurant at the End of the Universe (Hitchhiker's Guide to the Galaxy #2),10.92,In stock,1,0.018403680736147232
The Rest Is Noise: Listening to the Twentieth Century,34.77,In stock,1,0.49549909981996404
The Red Tent,35.66,In stock,5,0.5133026605321065
The Purpose Driven Life: What on Earth Am I Here for?,37.19,In stock,3,0.5439087817563513
The Purest Hook (Second Circle Tattoos #3),12.25,In stock,1,0.04500900180036008
The Picture of Dorian Gray,29.7,In stock,2,0.3940788157631527
The Paris Wife,36.8,In stock,3,0.5361072214442888
The Obsession,45.43,In stock,1,0.7087417483496701
The Nightingale,26.26,In stock,4,0.3252650530106022
The New Guy (and Other Senior Year Distractions),44.92,In stock,3,0.6985397079415885
The Nanny Diaries (Nanny #1),52.53,In stock,5,0.8507701540308064
The Name of God is Mercy,37.25,In stock,2,0.5451090218043608
The Maze Runner (The Maze Runner #1),20.93,In stock,1,0.21864372874574917
The Lover's Dictionary,58.09,In stock,2,0.9619923984796961
The Lonely Ones,43.59,In stock,5,0.6719343868773755
The Lean Startup: How Today's Entrepreneurs Use Continuous Innovation to Create Radically Successful Businesses,33.92,In stock,3,0.478495699139828
The Last Painting of Sara de Vos,55.55,In stock,2,0.9111822364472895
"The Land of 10,000 Madonnas",29.64,In stock,4,0.3928785757151431
The Infinities,27.41,In stock,1,0.3482696539307862
The Husband's Secret,52.51,In stock,5,0.850370074014803
The Hitchhiker's Guide to the Galaxy (Hitchhiker's Guide to the Galaxy #1),47.8,In stock,3,0.7561512302460491
The Guns of August,14.54,In stock,2,0.09081816363272655
The Guernsey Literary and Potato Peel Pie Society,49.53,In stock,1,0.7907581516303261
The Goldfinch,43.58,In stock,3,0.6717343468693739
The Giver (The Giver Quartet #1),12.3,In stock,1,0.04600920184036811
The Girl with All the Gifts,49.47,In stock,3,0.7895579115823166
The Girl Who Played with Fire (Millennium Trilogy #2),22.14,In stock,2,0.2428485697139428
The Girl Who Kicked the Hornet's Nest (Millennium Trilogy #3),57.48,In stock,1,0.9497899579915983
The Exiled,43.45,In stock,3,0.6691338267653533
"The End of Faith: Religion, Terror, and the Future of Reason",22.13,In stock,4,0.2426485297059412
"The Elegant Universe: Superstrings, Hidden Dimensions, and the Quest for the Ultimate Theory",13.03,In stock,4,0.06061212242448488
"The Disappearing Spoon: And Other True Tales of Madness, Love, and the History of the World from the Periodic Table of the Elements",57.35,In stock,5,0.9471894378875776
The Devil Wears Prada (The Devil Wears Prada #1),44.29,In stock,1,0.6859371874374875
The Demon-Haunted World: Science as a Candle in the Dark,52.25,In stock,4,0.8451690338067614
The Day the Crayons Came Home (Crayons),26.33,In stock,5,0.32666533306661333
The Da Vinci Code (Robert Langdon #2),22.96,In stock,2,0.25925185037007403
The Cuckoo's Calling (Cormoran Strike #1),19.21,In stock,1,0.18423684736947393
The Complete Stories and Poems (The Works of Edgar Allan Poe [Cameo Edition]),26.78,In stock,4,0.33566713342668536
The Complete Poems,41.32,In stock,5,0.6265253050610122
The Catcher in the Rye,24.55,In stock,1,0.2910582116423285
The Cat in the Hat (Beginner Books B-1),16.26,In stock,2,0.12522504500900183
The Case for Christ (Cases for Christianity),47.84,In stock,1,0.7569513902780558
The Book Thief,53.49,In stock,2,0.86997399479896
The Book of Basketball: The NBA According to The Sports Guy,44.84,In stock,5,0.6969393878775756
The Blind Side: Evolution of a Game,53.71,In stock,5,0.8743748749749951
The Autobiography of Malcolm X,23.43,In stock,2,0.26865373074614923
"The Art of Simple Food: Notes, Lessons, and Recipes from a Delicious Revolution",34.32,In stock,3,0.486497299459892
The Art of Fielding,22.1,In stock,1,0.24204840968193642
"Surely You're Joking, Mr. Feynman!: Adventures of a Curious Character",25.83,In stock,2,0.3166633326665333
Stiff: The Curious Lives of Human Cadavers,36.74,In stock,3,0.5349069813962792
Spilled Milk: Based on a True Story,49.51,In stock,1,0.7903580716143228
Something Borrowed (Darcy & Rachel #1),48.96,In stock,5,0.779355871174235
Something Blue (Darcy & Rachel #2),54.62,In stock,1,0.8925785157031407
Soldier (Talon #3),24.72,In stock,2,0.29445889177835566
Shopaholic & Baby (Shopaholic #5),46.45,In stock,2,0.7291458291658333
Seven Days in the Art World,52.33,In stock,2,0.8467693538707741
Seven Brief Lessons on Physics,30.6,In stock,4,0.41208241648329674
Scarlet (The Lunar Chronicles #2),14.57,In stock,4,0.09141828365673138
Sarah's Key,46.29,In stock,1,0.7259451890378077
"Saga, Volume 3 (Saga (Collected Editions) #3)",21.57,In stock,5,0.2314462892578516
Running with Scissors,12.91,In stock,4,0.05821164232846571
Rogue Lawyer (Rogue Lawyer #1),50.11,In stock,3,0.8023604720944191
"Rise of the Rocket Girls: The Women Who Propelled Us, from Missiles to the Moon to Mars",41.67,In stock,4,0.6335267053410683
Rework,44.88,In stock,2,0.697739547909582
Reservations for Two,11.1,In stock,3,0.022004400880176023
Red: The True Story of Red Riding Hood,28.54,In stock,3,0.37087417483496704
Ready Player One,19.07,In stock,4,0.18143628725745153
Quiet: The Power of Introverts in a World That Can't Stop Talking,43.55,In stock,1,0.671134226845369
Prodigy: The Graphic Novel (Legend: The Graphic Novel #2),43.63,In stock,3,0.672734546909382
Persepolis: The Story of a Childhood (Persepolis #1-2),39.13,In stock,1,0.5827165433086618
Packing for Mars: The Curious Science of Life in the Void,56.68,In stock,2,0.9337867573514704
Outliers: The Story of Success,14.16,In stock,1,0.08321664332866574
Original Fake,31.45,In stock,3,0.4290858171634327
Orange Is the New Black,24.61,In stock,2,0.2922584516903381
One for the Money (Stephanie Plum #1),32.87,In stock,2,0.4574914982996599
Notes from a Small Island (Notes From a Small Island #1),40.17,In stock,1,0.6035207041408281
Night (The Night Trilogy #1),13.51,In stock,1,0.0702140428085617
Neither Here nor There: Travels in Europe,38.95,In stock,3,0.579115823164633
Naked,31.69,In stock,3,0.43388677735547115
Morning Star (Red Rising #3),29.4,In stock,1,0.38807761552310466
"Miracles from Heaven: A Little Girl, Her Journey to Heaven, and Her Amazing Story of Healing",57.83,In stock,1,0.9567913582716545
Midnight Riot (Peter Grant/ Rivers of London - books #1),55.46,In stock,2,0.9093818763752752
Me Talk Pretty One Day,57.6,In stock,2,0.9521904380876176
Manuscript Found in Accra,34.98,In stock,2,0.4996999399879976
Lust & Wonder,11.87,In stock,2,0.037407481496299244
Lila (Gilead #3),12.47,In stock,3,0.049409881976395315
"Life, the Universe and Everything (Hitchhiker's Guide to the Galaxy #3)",33.26,In stock,2,0.4652930586117224
Life Without a Recipe,59.04,In stock,5,0.9809961992398482
Life After Life,26.13,In stock,2,0.3226645329065813
Letter to a Christian Nation,22.2,In stock,1,0.24404880976195237
Let's Pretend This Never Happened: A Mostly True Memoir,45.11,In stock,1,0.7023404680936187
Legend (Legend #1),43.69,In stock,4,0.6739347869573915
"Lean In: Women, Work, and the Will to Lead",25.02,In stock,1,0.3004600920184037
"Lamb: The Gospel According to Biff, Christ's Childhood Pal",55.5,In stock,5,0.9101820364072815
Lady Renegades (Rebel Belle #3),53.04,In stock,5,0.860972194438888
Jurassic Park (Jurassic Park #1),44.97,In stock,1,0.6995399079815963
It's Never Too Late to Begin Again: Discovering Creativity and Meaning at Midlife and Beyond,42.38,In stock,1,0.6477295459091819
Is Everyone Hanging Out Without Me? (And Other Concerns),20.11,In stock,3,0.20224044808961794
Into the Wild,56.7,In stock,5,0.9341868373674738
Inferno (Robert Langdon #4),41.0,In stock,5,0.6201240248049611
"In the Garden of Beasts: Love, Terror, and an American Family in Hitler's Berlin",28.85,In stock,3,0.3770754150830166
If I Run (If I Run #1),49.97,In stock,4,0.7995599119823964
I've Got Your Number,19.69,In stock,1,0.19383876775355074
I Am Malala: The Girl Who Stood Up for Education and Was Shot by the Taliban,28.88,In stock,2,0.3776755351070214
Hungry Girl Clean & Hungry: Easy All-Natural Recipes for Healthy Eating in the Real World,33.14,In stock,3,0.46289257851570315
"House of Lost Worlds: Dinosaurs, Dynasties, and the Story of Life on Earth",43.7,In stock,2,0.6741348269653931
House of Leaves,54.89,In stock,1,0.8979795959191839
Horrible Bear!,37.52,In stock,2,0.5505101020204042
Holidays on Ice,51.07,In stock,2,0.8215643128625727
Heir to the Sky,44.07,In stock,4,0.6815363072614524
Green Eggs and Ham (Beginner Books B-16),10.79,In stock,4,0.015803160632126417
"Grayson, Vol 3: Nemesis (Grayson #3)",42.72,In stock,1,0.6545309061812363
Gratitude,26.66,In stock,5,0.33326665333066613
Gone Girl,37.6,In stock,5,0.5521104220844169
Golden (Heart of Dread #3),42.21,In stock,4,0.6443288657731547
Girl in the Blue Coat,46.83,In stock,2,0.736747349469894
"Fruits Basket, Vol. 3 (Fruits Basket #3)",45.17,In stock,2,0.7035407081416285
"Friday Night Lights: A Town, a Team, and a Dream",51.22,In stock,3,0.8245649129825965
Fire Bound (Sea Haven/Sisters of the Heart #5),21.28,In stock,4,0.2256451290258052
Fifty Shades Freed (Fifty Shades #3),15.36,In stock,5,0.10722144428885777
Fellside,38.62,In stock,1,0.57251450290058
Extreme Prey (Lucas Davenport #26),25.4,In stock,3,0.3080616123224645
Eragon (The Inheritance Cycle #1),43.87,In stock,3,0.6775355071014202
Eclipse (Twilight #3),18.74,In stock,1,0.17483496699339868
Dune (Dune #1),54.86,In stock,1,0.8973794758951792
Dracula,52.62,In stock,3,0.8525705141028206
Do Androids Dream of Electric Sheep? (Blade Runner #1),51.48,In stock,1,0.8297659531906381
Disrupted: My Misadventure in the Start-Up Bubble,15.28,In stock,5,0.10562112422484499
Dead Wake: The Last Crossing of the Lusitania,39.24,In stock,5,0.5849169833966794
"David and Goliath: Underdogs, Misfits, and the Art of Battling Giants",17.81,In stock,1,0.15623124624924983
Darkfever (Fever #1),56.02,In stock,1,0.9205841168233648
Dark Places,23.9,In stock,5,0.27805561112222443
Crazy Rich Asians (Crazy Rich Asians #1),49.13,In stock,5,0.7827565513102621
Counting Thyme,10.62,In stock,1,0.01240248049609921
Cosmos,36.17,In stock,2,0.5235047009401881
Civilization and Its Discontents,59.95,In stock,2,0.9991998399679938
Cinder (The Lunar Chronicles #1),26.09,In stock,1,0.321864372874575
Catastrophic Happiness: Finding Joy in Childhood's Messy Years,37.35,In stock,2,0.5471094218843768
Career of Evil (Cormoran Strike #3),24.72,In stock,2,0.29445889177835566
Breaking Dawn (Twilight #4),35.28,In stock,5,0.5057011402280456
Brave Enough,51.32,In stock,5,0.8265653130626127
Boy Meets Boy,21.12,In stock,3,0.22244448889777957
"Born to Run: A Hidden Tribe, Superathletes, and the Greatest Race the World Has Never Seen",27.35,In stock,2,0.3470694138827766
Blink: The Power of Thinking Without Thinking,21.74,In stock,5,0.23484696939387878
Black Flags: The Rise of ISIS,40.87,In stock,1,0.6175235047009402
"Black Butler, Vol. 1 (Black Butler #1)",49.31,In stock,1,0.786357271454291
Big Little Lies,22.11,In stock,1,0.24224844968993797
Between Shades of Gray,20.79,In stock,5,0.21584316863372677
Best of My Love (Fool's Gold #20),27.41,In stock,2,0.3482696539307862
Beowulf,38.35,In stock,2,0.5671134226845369
Beautiful Creatures (Caster Chronicles #1),21.55,In stock,5,0.23104620924184838
Awkward,38.02,In stock,2,0.5605121024204842
Ash,22.06,In stock,4,0.24124824964992997
Are We There Yet?,10.66,In stock,3,0.01320264052810563
Are We Smart Enough to Know How Smart Animals Are?,56.58,In stock,1,0.9317863572714544
Annie on My Mind,36.83,In stock,5,0.5367073414682937
And Then There Were None,35.01,In stock,2,0.5003000600120024
A Walk in the Woods: Rediscovering America on the Appalachian Trail,30.48,In stock,4,0.4096819363872775
A Visit from the Goon Squad,14.08,In stock,5,0.08161632326465296
A Storm of Swords (A Song of Ice and Fire #3),31.22,In stock,2,0.4244848969793959
A Heartbreaking Work of Staggering Genius,54.29,In stock,5,0.8859771954390878
8 Keys to Mental Health Through Exercise,31.04,In stock,1,0.4208841768353671
#GIRLBOSS,50.96,In stock,1,0.8193638727745551
"The Suffragettes (Little Black Classics, #96)",11.89,In stock,2,0.03780756151230247
The Sense of an Ending,31.38,In stock,3,0.42768553710742147
"The Sandman, Vol. 2: The Doll's House (The Sandman (volumes) #2)",54.81,In stock,1,0.8963792758551712
The Course of Love,16.78,In stock,3,0.13562712542508504
Sugar Rush (Offensive Line #2),24.42,In stock,1,0.2884576915383077
"Saga, Volume 2 (Saga (Collected Editions) #2)",11.75,In stock,3,0.03500700140028007
"Run, Spot, Run: The Ethics of Keeping Pets",20.02,In stock,1,0.20044008801760355
New Moon (Twilight #2),12.86,In stock,4,0.0572114422884577
Life,31.58,In stock,5,0.4316863372674535
Kindle Paperwhite User's Guide,34.0,In stock,3,0.48009601920384076
H is for Hawk,57.42,In stock,5,0.9485897179435889
Girl Online On Tour (Girl Online #2),53.47,In stock,1,0.8695739147829566
"Fruits Basket, Vol. 2 (Fruits Basket #2)",11.64,In stock,5,0.03280656131226248
Diary of a Minecraft Zombie Book 1: A Scare of a Dare (An Unofficial Minecraft Book),52.88,In stock,4,0.8577715543108624
"Y: The Last Man, Vol. 1: Unmanned (Y: The Last Man #1)",18.51,In stock,4,0.17023404680936194
While You Were Mine,41.32,In stock,5,0.6265253050610122
Where Lightning Strikes (Bleeding Stars #3),39.77,In stock,3,0.5955191038207643
When I'm Gone,51.96,In stock,3,0.839367873574715
Ways of Seeing,39.51,In stock,5,0.5903180636127225
"Vampire Knight, Vol. 1 (Vampire Knight #1)",15.4,In stock,1,0.10802160432086422
Vampire Girl (Vampire Girl #1),53.82,In stock,2,0.8765753150630127
Twenty Love Poems and a Song of Despair,30.95,In stock,4,0.41908381676335266
Travels with Charley: In Search of America,57.82,In stock,5,0.9565913182636527
Three Wishes (River of Time: California #1),44.18,In stock,2,0.68373674734947
This One Moment (Pushing Limits #1),48.71,In stock,1,0.774354870974195
The Zombie Room,19.69,In stock,5,0.19383876775355074
"The Wicked + The Divine, Vol. 1: The Faust Act (The Wicked + The Divine)",36.52,In stock,2,0.5305061012202441
The Tumor,41.56,In stock,5,0.6313262652530507
The Story of Hong Gildong,43.19,In stock,4,0.6639327865573115
The Silent Wife,12.34,In stock,5,0.04680936187237447
The Silent Twin (Detective Jennifer Knight #3),36.25,In stock,3,0.525105021004201
The Selfish Gene,29.45,In stock,1,0.38907781556311266
The Secret Healer,34.56,In stock,3,0.49129825965193047
"The Sandman, Vol. 1: Preludes and Nocturnes (The Sandman (volumes) #1)",54.12,In stock,3,0.8825765153030607
The Republic,33.78,In stock,3,0.47569513902780564
The Odyssey,29.64,In stock,3,0.3928785757151431
The No. 1 Ladies' Detective Agency (No. 1 Ladies' Detective Agency #1),57.7,In stock,4,0.9541908381676336
The Nicomachean Ethics,36.34,In stock,1,0.5269053810762154
The Name of the Wind (The Kingkiller Chronicle #1),50.59,In stock,3,0.8119623924784958
The Mirror & the Maze (The Wrath and the Dawn #1.5),29.38,In stock,1,0.38767753550710143
The Little Prince,45.42,In stock,2,0.7085417083416683
The Light of the Fireflies,54.43,In stock,1,0.8887777555511103
The Last Girl (The Dominion Trilogy #1),36.26,In stock,2,0.5253050610122025
The Iliad,16.16,In stock,1,0.12322464492898583
The Hook Up (Game On #1),36.29,In stock,5,0.5259051810362072
The Haters,27.89,In stock,5,0.357871574314863
The Girl You Lost,12.29,In stock,5,0.04580916183236647
The Girl In The Ice (DCI Erika Foster #1),15.85,In stock,3,0.1170234046809362
The End of the Jesus Era (An Investigation #1),14.4,In stock,1,0.08801760352070415
The Edge of Reason (Bridget Jones #2),19.18,In stock,4,0.1836367273454691
The Complete Maus (Maus #1-2),10.64,In stock,3,0.012802560512102434
The Communist Manifesto,14.76,In stock,3,0.09521904380876178
The Bhagavad Gita,57.49,In stock,3,0.9499899979996
The Bette Davis Club,30.66,In stock,3,0.4132826565313063
The Art of Not Breathing,40.83,In stock,4,0.6167233446689337
Taking Shots (Assassins #1),18.88,In stock,2,0.17763552710542108
Starlark,25.83,In stock,3,0.3166633326665333
"Skip Beat!, Vol. 01 (Skip Beat! #1)",42.12,In stock,3,0.6425285057011403
Sister Sable (The Mad Queen #1),13.33,In stock,3,0.0666133226645329
Shatter Me (Shatter Me #1),42.4,In stock,1,0.648129625925185
Shameless,58.35,In stock,3,0.9671934386877377
Shadow Rites (Jane Yellowrock #10),21.72,In stock,4,0.23444688937787556
Settling the Score (The Summer Games #1),44.91,In stock,2,0.6983396679335867
Sense and Sensibility,37.46,In stock,1,0.5493098619723946
"Saga, Volume 1 (Saga (Collected Editions) #1)",28.48,In stock,1,0.36967393478695737
"Rhythm, Chord & Malykhin",28.34,In stock,2,0.366873374674935
"Rat Queens, Vol. 1: Sass & Sorcery (Rat Queens (Collected Editions) #1-5)",46.96,In stock,5,0.7393478695739149
Paradise Lost (Paradise #1),24.96,In stock,1,0.2992598519703941
"Paper Girls, Vol. 1 (Paper Girls #1-5)",21.71,In stock,4,0.234246849369874
"Ouran High School Host Club, Vol. 1 (Ouran High School Host Club #1)",29.87,In stock,3,0.3974794958991799
Origins (Alphas 0.5),28.99,In stock,1,0.37987597519503896
One Second (Seven #7),52.94,In stock,2,0.8589717943588717
On the Road (Duluoz Legend),32.36,In stock,3,0.4472894578915783
Old Records Never Die: One Man's Quest for His Vinyl and His Past,55.66,In stock,2,0.913382676535307
Off Sides (Off #1),39.45,In stock,5,0.589117823564713
Of Mice and Men,47.11,In stock,2,0.7423484696939389
Myriad (Prentor #1),58.75,In stock,4,0.9751950390078017
My Perfect Mistake (Over the Top #1),38.92,In stock,2,0.5785157031406283
"Ms. Marvel, Vol. 1: No Normal (Ms. Marvel (2014-2015) #1)",39.39,In stock,4,0.5879175835167034
Meditations,25.89,In stock,2,0.31786357271454296
Matilda,28.34,In stock,1,0.366873374674935
Lost Among the Living,27.7,In stock,4,0.35407081416283254
Lord of the Flies,24.89,In stock,3,0.2978595719143829
Listen to Me (Fusion #1),58.99,In stock,3,0.9799959991998402
Kitchens of the Great Midwest,57.2,In stock,5,0.9441888377675536
Jane Eyre,38.43,In stock,5,0.5687137427485498
Imperfect Harmony,34.74,In stock,4,0.49489897979595926
Icing (Aces Hockey #2),40.44,In stock,4,0.6089217843568713
"Hawkeye, Vol. 1: My Life as a Weapon (Hawkeye #1)",45.24,In stock,3,0.7049409881976396
Having the Barbarian's Baby (Ice Planet Barbarians #7.5),34.96,In stock,4,0.4992998599719945
"Giant Days, Vol. 1 (Giant Days #1-4)",56.76,In stock,4,0.9353870774154831
"Fruits Basket, Vol. 1 (Fruits Basket #1)",40.28,In stock,5,0.6057211442288459
Frankenstein,38.0,In stock,2,0.5601120224044809
Forever Rockers (The Rocker #12),28.8,In stock,3,0.3760752150430086
Fighting Fate (Fighting #6),39.24,In stock,3,0.5849169833966794
Emma,32.93,In stock,2,0.4586917383476696
"Eat, Pray, Love",51.32,In stock,3,0.8265653130626127
Deep Under (Walker Security #1),47.09,In stock,5,0.7419483896779357
Choosing Our Religion: The Spiritual Lives of America's Nones,28.42,In stock,4,0.3684736947389478
Charlie and the Chocolate Factory (Charlie Bucket #1),22.85,In stock,3,0.25705141028205647
Charity's Cross (Charles Towne Belles #4),41.24,In stock,1,0.6249249849969996
Bright Lines,39.07,In stock,5,0.5815163032606521
Bridget Jones's Diary (Bridget Jones #1),29.82,In stock,1,0.3964792958591719
Bounty (Colorado Mountain #7),37.26,In stock,4,0.5453090618123624
Blood Defense (Samantha Brinkman #1),20.3,In stock,3,0.20604120824164834
"Bleach, Vol. 1: Strawberry and the Soul Reapers (Bleach #1)",34.65,In stock,5,0.4930986197239448
Beyond Good and Evil,43.38,In stock,1,0.6677335467093419
Alice in Wonderland (Alice's Adventures in Wonderland #1),55.53,In stock,1,0.9107821564312863
"Ajin: Demi-Human, Volume 1 (Ajin: Demi-Human #1)",57.06,In stock,4,0.9413882776555313
A Spy's Devotion (The Regency Spies of London #1),16.97,In stock,5,0.13942788557711544
1st to Die (Women's Murder Club #1),53.98,In stock,1,0.8797759551910382
"1,000 Places to See Before You Die",26.08,In stock,5,0.3216643328665733
